channel,campaign_type,campaign_name,horizon_days,p10_revenue,p50_revenue,p90_revenue,p10_roas,p50_roas,p90_roas
all,,,30,80326.27,310973.72,360616.17,2.6402,5.031,5.8645
all,,,60,179167.22,672060.56,770282.47,2.575,4.8847,5.1946
all,,,90,306657.85,1032169.54,1238842.84,2.3761,5.0054,5.3003
bing,,,30,977.57,4990.23,14096.53,0.3954,1.6046,4.9962
bing,,,60,1353.4,9503.4,29559.12,0.4325,1.4518,4.3819
bing,,,90,1411.63,14474.0,39153.68,0.5045,1.5299,4.2603
google,,,30,76309.04,267516.25,350529.06,1.4296,5.1462,6.119
google,,,60,122334.27,576958.68,794999.73,1.8191,4.9855,5.6351
google,,,90,122334.27,887237.91,1094089.62,2.1122,5.1177,5.4174
meta,,,30,6334.21,38467.24,62339.19,1.0848,5.7259,7.4657
meta,,,60,9218.9,85598.49,144200.94,1.5663,5.5909,6.9451
meta,,,90,9218.9,130457.63,192655.83,1.8189,5.5789,6.3143
bing,DISPLAY,,30,0.0,1.47,49.8,0.0,0.3227,13.2995
bing,DISPLAY,,60,0.0,1.9,103.65,0.0,0.1303,6.8227
bing,DISPLAY,,90,0.0,1.93,139.67,0.0,0.0876,5.7349
bing,PERFORMANCE_MAX,,30,80.34,697.89,2292.15,0.1944,0.4719,2.4519
bing,PERFORMANCE_MAX,,60,111.25,1298.99,4470.8,0.1751,0.4172,1.9428
bing,PERFORMANCE_MAX,,90,154.01,1970.12,6441.72,0.1715,0.4406,1.87
bing,SEARCH,,30,825.25,3444.01,10307.18,0.8956,2.1613,7.5947
bing,SEARCH,,60,1304.72,6442.5,21782.65,0.8084,1.921,6.0607
bing,SEARCH,,90,1941.03,10175.55,33196.62,0.818,2.082,5.9759
bing,SHOPPING,,30,95.2,846.86,2231.29,5.7109,25.5429,39.1193
bing,SHOPPING,,60,170.88,1760.01,4833.62,6.6146,27.5156,37.6262
bing,SHOPPING,,90,202.66,2326.41,5877.21,6.3311,28.9348,36.0795
google,DEMAND_GEN,,30,0.0,0.0,0.0,0.0,0.0,0.0
google,DEMAND_GEN,,60,0.0,0.0,0.0,0.0,0.0,0.0
google,DEMAND_GEN,,90,0.0,0.0,0.0,0.0,0.0,0.0
google,DISPLAY,,30,0.0,0.0,0.0,0.0,0.0,0.0
google,DISPLAY,,60,0.0,0.0,0.0,0.0,0.0,0.0
google,DISPLAY,,90,0.0,0.0,0.0,0.0,0.0,0.0
google,PERFORMANCE_MAX,,30,29722.17,98950.98,151917.08,1.9924,4.1129,5.824
google,PERFORMANCE_MAX,,60,59155.82,222214.85,366225.15,2.1229,4.1828,5.1675
google,PERFORMANCE_MAX,,90,81551.62,347463.52,563617.28,2.0327,4.333,4.8224
google,SEARCH,,30,25567.84,83768.37,121985.96,2.2039,4.8904,6.4471
google,SEARCH,,60,49552.71,180234.06,277345.43,2.2081,4.68,5.4056
google,SEARCH,,90,66536.21,272993.28,397926.26,2.0759,4.771,5.0495
google,SHOPPING,,30,18454.58,84796.9,134745.32,2.5685,7.8551,10.5329
google,SHOPPING,,60,33808.58,174509.77,294573.12,2.5517,7.244,8.5308
google,SHOPPING,,90,52446.47,266781.11,433455.06,2.4525,7.419,7.9061
google,VIDEO,,30,0.0,0.0,0.0,0.0,0.0,0.0
google,VIDEO,,60,0.0,0.0,0.0,0.0,0.0,0.0
google,VIDEO,,90,0.0,0.0,0.0,0.0,0.0,0.0
meta,BRAND,,30,6759.83,27220.35,53164.79,2.3092,5.484,8.1869
meta,BRAND,,60,14498.99,63246.15,128924.37,2.5265,5.575,7.2313
meta,BRAND,,90,19042.31,97678.4,185810.55,2.3342,5.619,6.5499
meta,DISPLAY,,30,0.0,0.0,0.0,0.0,0.0,0.0
meta,DISPLAY,,60,0.0,0.0,0.0,0.0,0.0,0.0
meta,DISPLAY,,90,0.0,0.0,0.0,0.0,0.0,0.0
meta,PROSPECTING,,30,0.0,0.0,0.0,0.0,0.0,0.0
meta,PROSPECTING,,60,0.0,0.0,0.0,0.0,0.0,0.0
meta,PROSPECTING,,90,0.0,0.0,0.0,0.0,0.0,0.0
meta,REMARKETING,,30,962.41,11246.9,22770.71,1.9945,6.4103,9.3921
meta,REMARKETING,,60,1258.2,22352.34,47854.91,1.8228,5.6364,7.2404
meta,REMARKETING,,90,1258.2,32779.22,65560.82,1.5906,5.4625,6.3111
bing,DISPLAY,Demand Gen_NTM_Campaign_01,30,0.0,0.53,32.36,0.0,0.2874,13.7221
bing,DISPLAY,Demand Gen_NTM_Campaign_01,60,0.0,0.69,72.21,0.0,0.1222,8.5372
bing,DISPLAY,Demand Gen_NTM_Campaign_01,90,0.0,0.7,155.65,0.0,0.0968,10.7438
bing,DISPLAY,Demand Gen_NTM_Campaign_02,30,0.0,0.94,41.59,0.0,0.3471,15.0064
bing,DISPLAY,Demand Gen_NTM_Campaign_02,60,0.0,1.21,91.07,0.0,0.1354,8.6002
bing,DISPLAY,Demand Gen_NTM_Campaign_02,90,0.0,1.23,187.94,0.0,0.1073,10.6149
bing,PERFORMANCE_MAX,Pmax_NTM_Campaign_01,30,49.3,372.51,1170.28,0.2066,0.469,2.1797
bing,PERFORMANCE_MAX,Pmax_NTM_Campaign_01,60,53.97,598.87,2029.54,0.1788,0.3788,1.7574
bing,PERFORMANCE_MAX,Pmax_NTM_Campaign_01,90,53.97,782.56,3368.63,0.1762,0.3843,1.8779
bing,PERFORMANCE_MAX,Pmax_NTM_Campaign_02,30,0.0,3.87,31.02,0.0,0.0,0.0
bing,PERFORMANCE_MAX,Pmax_NTM_Campaign_02,60,0.0,3.87,61.82,0.0,0.0,0.0
bing,PERFORMANCE_MAX,Pmax_NTM_Campaign_02,90,0.0,3.87,131.85,0.0,0.0,0.0
bing,PERFORMANCE_MAX,Pmax_NTM_Campaign_03,30,9.81,216.94,666.6,0.168,0.4302,1.2778
bing,PERFORMANCE_MAX,Pmax_NTM_Campaign_03,60,9.81,374.98,1246.41,0.1475,0.3488,1.0313
bing,PERFORMANCE_MAX,Pmax_NTM_Campaign_03,90,9.81,525.83,2207.04,0.1427,0.3471,1.0772
bing,PERFORMANCE_MAX,Pmax_NTM_Campaign_04,30,0.0,3.47,29.69,0.0,0.0,0.0
bing,PERFORMANCE_MAX,Pmax_NTM_Campaign_04,60,0.0,3.47,59.83,0.0,0.0,0.0
bing,PERFORMANCE_MAX,Pmax_NTM_Campaign_04,90,0.0,3.47,128.67,0.0,0.0,0.0
bing,PERFORMANCE_MAX,Pmax_NTM_Campaign_05,30,0.0,3.84,29.51,0.0,0.0,0.0
bing,PERFORMANCE_MAX,Pmax_NTM_Campaign_05,60,0.0,3.84,58.86,0.0,0.0,0.0
bing,PERFORMANCE_MAX,Pmax_NTM_Campaign_05,90,0.0,3.84,126.49,0.0,0.0,0.0
bing,PERFORMANCE_MAX,Pmax_NTM_Campaign_06,30,0.0,0.0,44.24,0.0,0.0,5.3308
bing,PERFORMANCE_MAX,Pmax_NTM_Campaign_06,60,0.0,0.0,97.2,0.0,0.0,5.1282
bing,PERFORMANCE_MAX,Pmax_NTM_Campaign_06,90,0.0,0.0,197.47,0.0,0.0,8.2375
bing,PERFORMANCE_MAX,Pmax_NTM_Campaign_07,30,0.0,3.96,29.72,0.0,0.0,0.0
bing,PERFORMANCE_MAX,Pmax_NTM_Campaign_07,60,0.0,3.96,59.09,0.0,0.0,0.0
bing,PERFORMANCE_MAX,Pmax_NTM_Campaign_07,90,0.0,3.96,126.77,0.0,0.0,0.0
bing,PERFORMANCE_MAX,Pmax_NTM_Campaign_08,30,0.0,0.0,0.0,0.0,0.0,0.0
bing,PERFORMANCE_MAX,Pmax_NTM_Campaign_08,60,0.0,0.0,0.0,0.0,0.0,0.0
bing,PERFORMANCE_MAX,Pmax_NTM_Campaign_08,90,0.0,0.0,0.0,0.0,0.0,0.0
bing,PERFORMANCE_MAX,Pmax_NTM_Campaign_09,30,0.0,0.0,44.24,0.0,0.0,5.2474
bing,PERFORMANCE_MAX,Pmax_NTM_Campaign_09,60,0.0,0.0,97.2,0.0,0.0,5.0053
bing,PERFORMANCE_MAX,Pmax_NTM_Campaign_09,90,0.0,0.0,197.47,0.0,0.0,8.04
bing,PERFORMANCE_MAX,Pmax_NTM_Campaign_10,30,0.0,3.96,30.57,0.0,0.0,0.0
bing,PERFORMANCE_MAX,Pmax_NTM_Campaign_10,60,0.0,3.96,60.76,0.0,0.0,0.0
bing,PERFORMANCE_MAX,Pmax_NTM_Campaign_10,90,0.0,3.96,129.82,0.0,0.0,0.0
bing,PERFORMANCE_MAX,Pmax_NTM_Campaign_11,30,0.0,3.91,30.47,0.0,0.0,0.0
bing,PERFORMANCE_MAX,Pmax_NTM_Campaign_11,60,0.0,3.91,60.66,0.0,0.0,0.0
bing,PERFORMANCE_MAX,Pmax_NTM_Campaign_11,90,0.0,3.91,129.69,0.0,0.0,0.0
bing,PERFORMANCE_MAX,Pmax_NTM_Campaign_12,30,0.0,3.95,30.53,0.0,0.0,0.0
bing,PERFORMANCE_MAX,Pmax_NTM_Campaign_12,60,0.0,3.95,60.73,0.0,0.0,0.0
bing,PERFORMANCE_MAX,Pmax_NTM_Campaign_12,90,0.0,3.95,129.78,0.0,0.0,0.0
bing,PERFORMANCE_MAX,Pmax_NTM_Campaign_13,30,0.0,1.94,52.56,0.0,0.2929,5.6432
bing,PERFORMANCE_MAX,Pmax_NTM_Campaign_13,60,0.0,1.94,109.91,0.0,0.1333,4.6847
bing,PERFORMANCE_MAX,Pmax_NTM_Campaign_13,90,0.0,1.94,218.88,0.0,0.1333,7.3988
bing,PERFORMANCE_MAX,Pmax_NTM_Campaign_14,30,0.0,0.0,45.44,0.0,0.0,5.2385
bing,PERFORMANCE_MAX,Pmax_NTM_Campaign_14,60,0.0,0.0,99.85,0.0,0.0,4.9711
bing,PERFORMANCE_MAX,Pmax_NTM_Campaign_14,90,0.0,0.0,202.85,0.0,0.0,7.985
bing,PERFORMANCE_MAX,Pmax_NTM_Campaign_15,30,0.0,0.0,44.24,0.0,0.0,5.4758
bing,PERFORMANCE_MAX,Pmax_NTM_Campaign_15,60,0.0,0.0,97.2,0.0,0.0,5.3054
bing,PERFORMANCE_MAX,Pmax_NTM_Campaign_15,90,0.0,0.0,197.47,0.0,0.0,8.522
bing,PERFORMANCE_MAX,Pmax_NTM_Campaign_16,30,0.0,3.79,30.26,0.0,0.0,0.0
bing,PERFORMANCE_MAX,Pmax_NTM_Campaign_16,60,0.0,3.79,60.44,0.0,0.0,0.0
bing,PERFORMANCE_MAX,Pmax_NTM_Campaign_16,90,0.0,3.79,129.42,0.0,0.0,0.0
bing,PERFORMANCE_MAX,Pmax_NTM_Campaign_17,30,0.0,2.54,28.86,0.0,0.0,0.0
bing,PERFORMANCE_MAX,Pmax_NTM_Campaign_17,60,0.0,2.54,59.76,0.0,0.0,0.0
bing,PERFORMANCE_MAX,Pmax_NTM_Campaign_17,90,0.0,2.54,129.58,0.0,0.0,0.0
bing,PERFORMANCE_MAX,Pmax_NTM_Campaign_18,30,0.0,0.0,44.24,0.0,0.0,5.1632
bing,PERFORMANCE_MAX,Pmax_NTM_Campaign_18,60,0.0,0.0,97.2,0.0,0.0,4.9387
bing,PERFORMANCE_MAX,Pmax_NTM_Campaign_18,90,0.0,0.0,197.47,0.0,0.0,7.9331
bing,PERFORMANCE_MAX,Pmax_NTM_Campaign_19,30,0.0,3.97,29.74,0.0,0.0,0.0
bing,PERFORMANCE_MAX,Pmax_NTM_Campaign_19,60,0.0,3.97,59.1,0.0,0.0,0.0
bing,PERFORMANCE_MAX,Pmax_NTM_Campaign_19,90,0.0,3.97,126.79,0.0,0.0,0.0
bing,SEARCH,Search_NTM_Campaign_01,30,0.0,9.4,85.31,0.0,0.4883,5.0593
bing,SEARCH,Search_NTM_Campaign_01,60,0.0,18.94,185.48,0.0,0.4205,4.2545
bing,SEARCH,Search_NTM_Campaign_01,90,0.0,30.82,388.69,0.0,0.597,5.9442
bing,SEARCH,Search_TM_Campaign_02,30,358.25,1578.75,5100.0,1.4536,3.2892,7.3752
bing,SEARCH,Search_TM_Campaign_02,60,514.99,2692.8,9390.32,1.2944,2.7265,6.0645
bing,SEARCH,Search_TM_Campaign_02,90,639.97,3780.07,16881.78,1.2839,2.7346,6.3408
bing,SEARCH,Search_TM_Campaign_03,30,0.0,0.0,0.0,0.0,0.0,0.0
bing,SEARCH,Search_TM_Campaign_03,60,0.0,0.0,0.0,0.0,0.0,0.0
bing,SEARCH,Search_TM_Campaign_03,90,0.0,0.0,0.0,0.0,0.0,0.0
bing,SEARCH,Search_TM_Campaign_04,30,0.0,0.0,0.0,0.0,0.0,0.0
bing,SEARCH,Search_TM_Campaign_04,60,0.0,0.0,0.0,0.0,0.0,0.0
bing,SEARCH,Search_TM_Campaign_04,90,0.0,0.0,0.0,0.0,0.0,0.0
bing,SEARCH,Search_TM_Campaign_05,30,166.9,1028.0,2964.14,0.6223,1.3605,3.7894
bing,SEARCH,Search_TM_Campaign_05,60,225.3,1733.91,5346.91,0.5455,1.1058,3.0488
bing,SEARCH,Search_TM_Campaign_05,90,295.38,2544.1,9747.84,0.5629,1.1516,3.3022
bing,SEARCH,Search_TM_Campaign_06,30,0.0,11.78,41.4,0.0,0.0,0.0
bing,SEARCH,Search_TM_Campaign_06,60,0.0,17.83,81.34,0.0,0.0,0.0
bing,SEARCH,Search_TM_Campaign_06,90,0.0,25.45,164.64,0.0,0.0,0.0
bing,SHOPPING,Shopping_NTM_Campaign_01,30,95.65,724.15,1737.96,5.3755,23.2694,31.7964
bing,SHOPPING,Shopping_NTM_Campaign_01,60,146.51,1310.8,3345.15,5.877,22.5669,30.318
bing,SHOPPING,Shopping_NTM_Campaign_01,90,146.51,1532.2,4755.51,5.3803,21.7789,30.5371
google,DEMAND_GEN,Demand Gen_NTM_Campaign_01,30,0.0,0.0,0.0,0.0,0.0,0.0
google,DEMAND_GEN,Demand Gen_NTM_Campaign_01,60,0.0,0.0,0.0,0.0,0.0,0.0
google,DEMAND_GEN,Demand Gen_NTM_Campaign_01,90,0.0,0.0,0.0,0.0,0.0,0.0
google,DEMAND_GEN,Demand Gen_NTM_Campaign_02,30,0.0,0.0,0.0,0.0,0.0,0.0
google,DEMAND_GEN,Demand Gen_NTM_Campaign_02,60,0.0,0.0,0.0,0.0,0.0,0.0
google,DEMAND_GEN,Demand Gen_NTM_Campaign_02,90,0.0,0.0,0.0,0.0,0.0,0.0
google,DISPLAY,Display_Campaign_01,30,0.0,0.0,0.0,0.0,0.0,0.0
google,DISPLAY,Display_Campaign_01,60,0.0,0.0,0.0,0.0,0.0,0.0
google,DISPLAY,Display_Campaign_01,90,0.0,0.0,0.0,0.0,0.0,0.0
google,DISPLAY,Display_Campaign_02,30,0.0,0.0,0.0,0.0,0.0,0.0
google,DISPLAY,Display_Campaign_02,60,0.0,0.0,0.0,0.0,0.0,0.0
google,DISPLAY,Display_Campaign_02,90,0.0,0.0,0.0,0.0,0.0,0.0
google,PERFORMANCE_MAX,Pmax_Campaign_01,30,0.0,0.0,0.0,0.0,0.0,0.0
google,PERFORMANCE_MAX,Pmax_Campaign_01,60,0.0,0.0,0.0,0.0,0.0,0.0
google,PERFORMANCE_MAX,Pmax_Campaign_01,90,0.0,0.0,0.0,0.0,0.0,0.0
google,PERFORMANCE_MAX,Pmax_Campaign_02,30,0.0,0.0,0.0,0.0,0.0,0.0
google,PERFORMANCE_MAX,Pmax_Campaign_02,60,0.0,0.0,0.0,0.0,0.0,0.0
google,PERFORMANCE_MAX,Pmax_Campaign_02,90,0.0,0.0,0.0,0.0,0.0,0.0
google,PERFORMANCE_MAX,Pmax_Campaign_03,30,0.0,0.0,0.0,0.0,0.0,0.0
google,PERFORMANCE_MAX,Pmax_Campaign_03,60,0.0,0.0,0.0,0.0,0.0,0.0
google,PERFORMANCE_MAX,Pmax_Campaign_03,90,0.0,0.0,0.0,0.0,0.0,0.0
google,PERFORMANCE_MAX,Pmax_Campaign_04,30,0.0,0.0,0.0,0.0,0.0,0.0
google,PERFORMANCE_MAX,Pmax_Campaign_04,60,0.0,0.0,0.0,0.0,0.0,0.0
google,PERFORMANCE_MAX,Pmax_Campaign_04,90,0.0,0.0,0.0,0.0,0.0,0.0
google,PERFORMANCE_MAX,Pmax_Campaign_05,30,0.0,0.0,0.0,0.0,0.0,0.0
google,PERFORMANCE_MAX,Pmax_Campaign_05,60,0.0,0.0,0.0,0.0,0.0,0.0
google,PERFORMANCE_MAX,Pmax_Campaign_05,90,0.0,0.0,0.0,0.0,0.0,0.0
google,PERFORMANCE_MAX,Pmax_Campaign_06,30,0.0,0.0,0.0,0.0,0.0,0.0
google,PERFORMANCE_MAX,Pmax_Campaign_06,60,0.0,0.0,0.0,0.0,0.0,0.0
google,PERFORMANCE_MAX,Pmax_Campaign_06,90,0.0,0.0,0.0,0.0,0.0,0.0
google,PERFORMANCE_MAX,Pmax_Campaign_07,30,0.0,0.0,0.0,0.0,0.0,0.0
google,PERFORMANCE_MAX,Pmax_Campaign_07,60,0.0,0.0,0.0,0.0,0.0,0.0
google,PERFORMANCE_MAX,Pmax_Campaign_07,90,0.0,0.0,0.0,0.0,0.0,0.0
google,PERFORMANCE_MAX,Pmax_Campaign_08,30,0.0,0.0,0.0,0.0,0.0,0.0
google,PERFORMANCE_MAX,Pmax_Campaign_08,60,0.0,0.0,0.0,0.0,0.0,0.0
google,PERFORMANCE_MAX,Pmax_Campaign_08,90,0.0,0.0,0.0,0.0,0.0,0.0
google,PERFORMANCE_MAX,Pmax_Campaign_09,30,0.0,0.0,0.0,0.0,0.0,0.0
google,PERFORMANCE_MAX,Pmax_Campaign_09,60,0.0,0.0,0.0,0.0,0.0,0.0
google,PERFORMANCE_MAX,Pmax_Campaign_09,90,0.0,0.0,0.0,0.0,0.0,0.0
google,PERFORMANCE_MAX,Pmax_NTM_Campaign_01,30,490.64,3537.65,8479.32,1.7107,4.4322,6.2887
google,PERFORMANCE_MAX,Pmax_NTM_Campaign_01,60,1052.23,8171.85,21156.65,2.0948,4.604,6.2992
google,PERFORMANCE_MAX,Pmax_NTM_Campaign_01,90,1442.3,13023.27,42516.2,2.1837,4.7908,6.8195
google,PERFORMANCE_MAX,Pmax_NTM_Campaign_02,30,378.49,3060.43,7599.68,1.9168,3.8282,6.1666
google,PERFORMANCE_MAX,Pmax_NTM_Campaign_02,60,688.14,6384.41,17165.91,2.16,3.913,6.1803
google,PERFORMANCE_MAX,Pmax_NTM_Campaign_02,90,1011.24,9995.16,33107.88,2.2865,4.1599,6.8222
google,PERFORMANCE_MAX,Pmax_NTM_Campaign_03,30,0.0,0.0,0.0,0.0,0.0,0.0
google,PERFORMANCE_MAX,Pmax_NTM_Campaign_03,60,0.0,0.0,0.0,0.0,0.0,0.0
google,PERFORMANCE_MAX,Pmax_NTM_Campaign_03,90,0.0,0.0,0.0,0.0,0.0,0.0
google,PERFORMANCE_MAX,Pmax_NTM_Campaign_04,30,0.0,0.0,0.0,0.0,0.0,0.0
google,PERFORMANCE_MAX,Pmax_NTM_Campaign_04,60,0.0,0.0,0.0,0.0,0.0,0.0
google,PERFORMANCE_MAX,Pmax_NTM_Campaign_04,90,0.0,0.0,0.0,0.0,0.0,0.0
google,PERFORMANCE_MAX,Pmax_NTM_Campaign_05,30,0.0,0.0,0.0,0.0,0.0,0.0
google,PERFORMANCE_MAX,Pmax_NTM_Campaign_05,60,0.0,0.0,0.0,0.0,0.0,0.0
google,PERFORMANCE_MAX,Pmax_NTM_Campaign_05,90,0.0,0.0,0.0,0.0,0.0,0.0
google,PERFORMANCE_MAX,Pmax_NTM_Campaign_06,30,0.0,0.0,0.0,0.0,0.0,0.0
google,PERFORMANCE_MAX,Pmax_NTM_Campaign_06,60,0.0,0.0,0.0,0.0,0.0,0.0
google,PERFORMANCE_MAX,Pmax_NTM_Campaign_06,90,0.0,0.0,0.0,0.0,0.0,0.0
google,PERFORMANCE_MAX,Pmax_NTM_Campaign_07,30,0.0,0.0,0.0,0.0,0.0,0.0
google,PERFORMANCE_MAX,Pmax_NTM_Campaign_07,60,0.0,0.0,0.0,0.0,0.0,0.0
google,PERFORMANCE_MAX,Pmax_NTM_Campaign_07,90,0.0,0.0,0.0,0.0,0.0,0.0
google,PERFORMANCE_MAX,Pmax_NTM_Campaign_08,30,0.0,0.0,0.0,0.0,0.0,0.0
google,PERFORMANCE_MAX,Pmax_NTM_Campaign_08,60,0.0,0.0,0.0,0.0,0.0,0.0
google,PERFORMANCE_MAX,Pmax_NTM_Campaign_08,90,0.0,0.0,0.0,0.0,0.0,0.0
google,PERFORMANCE_MAX,Pmax_NTM_Campaign_09,30,759.6,4764.72,10632.39,1.6629,2.9155,4.856
google,PERFORMANCE_MAX,Pmax_NTM_Campaign_09,60,1497.35,10489.38,25458.95,1.9993,3.1289,5.0847
google,PERFORMANCE_MAX,Pmax_NTM_Campaign_09,90,2184.58,16749.22,50540.37,2.0595,3.2339,5.453
google,PERFORMANCE_MAX,Pmax_NTM_Campaign_10,30,913.05,6818.23,12961.69,2.1642,6.1117,8.1744
google,PERFORMANCE_MAX,Pmax_NTM_Campaign_10,60,2249.96,16364.1,32712.9,2.6476,6.15,7.9338
google,PERFORMANCE_MAX,Pmax_NTM_Campaign_10,90,3029.56,26465.55,63928.04,2.9242,6.7175,9.0256
google,PERFORMANCE_MAX,Pmax_NTM_Campaign_11,30,0.0,0.0,0.0,0.0,0.0,0.0
google,PERFORMANCE_MAX,Pmax_NTM_Campaign_11,60,0.0,0.0,0.0,0.0,0.0,0.0
google,PERFORMANCE_MAX,Pmax_NTM_Campaign_11,90,0.0,0.0,0.0,0.0,0.0,0.0
google,PERFORMANCE_MAX,Pmax_NTM_Campaign_12,30,1586.85,7203.16,14346.2,2.6265,7.5369,9.6465
google,PERFORMANCE_MAX,Pmax_NTM_Campaign_12,60,3217.05,16080.89,34319.59,3.1307,7.8043,9.7197
google,PERFORMANCE_MAX,Pmax_NTM_Campaign_12,90,4028.97,23413.39,60761.63,3.2334,8.1685,10.6018
google,PERFORMANCE_MAX,Pmax_NTM_Campaign_13,30,0.0,0.0,0.0,0.0,0.0,0.0
google,PERFORMANCE_MAX,Pmax_NTM_Campaign_13,60,0.0,0.0,0.0,0.0,0.0,0.0
google,PERFORMANCE_MAX,Pmax_NTM_Campaign_13,90,0.0,0.0,0.0,0.0,0.0,0.0
google,PERFORMANCE_MAX,Pmax_NTM_Campaign_14,30,2496.11,13277.98,21914.06,2.4425,4.6552,6.1552
google,PERFORMANCE_MAX,Pmax_NTM_Campaign_14,60,4879.06,28731.12,51920.12,2.8701,4.9572,6.435
google,PERFORMANCE_MAX,Pmax_NTM_Campaign_14,90,7086.86,45300.02,106331.72,3.0237,5.2421,7.0739
google,PERFORMANCE_MAX,Pmax_NTM_Campaign_15,30,1460.75,10281.46,18046.99,3.5192,9.7369,12.6238
google,PERFORMANCE_MAX,Pmax_NTM_Campaign_15,60,3379.45,24519.24,45445.11,4.3462,9.9252,12.3977
google,PERFORMANCE_MAX,Pmax_NTM_Campaign_15,90,4469.4,40082.46,89525.63,4.7779,10.8005,14.0434
google,PERFORMANCE_MAX,Pmax_NTM_Campaign_16,30,0.0,106.0,585.8,0.0,4.9332,11.1774
google,PERFORMANCE_MAX,Pmax_NTM_Campaign_16,60,0.0,355.95,1573.98,0.0,6.6144,11.6138
google,PERFORMANCE_MAX,Pmax_NTM_Campaign_16,90,0.0,370.5,2858.49,0.0,6.8848,15.2831
google,PERFORMANCE_MAX,Pmax_NTM_Campaign_17,30,0.0,0.0,0.0,0.0,0.0,0.0
google,PERFORMANCE_MAX,Pmax_NTM_Campaign_17,60,0.0,0.0,0.0,0.0,0.0,0.0
google,PERFORMANCE_MAX,Pmax_NTM_Campaign_17,90,0.0,0.0,0.0,0.0,0.0,0.0
google,PERFORMANCE_MAX,Pmax_NTM_Campaign_18,30,0.0,0.0,0.0,0.0,0.0,0.0
google,PERFORMANCE_MAX,Pmax_NTM_Campaign_18,60,0.0,0.0,0.0,0.0,0.0,0.0
google,PERFORMANCE_MAX,Pmax_NTM_Campaign_18,90,0.0,0.0,0.0,0.0,0.0,0.0
google,PERFORMANCE_MAX,Pmax_NTM_Campaign_19,30,1010.8,6667.1,13115.19,1.9748,4.1844,8.2476
google,PERFORMANCE_MAX,Pmax_NTM_Campaign_19,60,2007.27,14722.88,31012.14,2.3539,4.4682,8.5509
google,PERFORMANCE_MAX,Pmax_NTM_Campaign_19,90,2779.13,22075.8,58948.24,2.4641,4.7142,9.383
google,PERFORMANCE_MAX,Pmax_NTM_Campaign_20,30,0.0,0.0,0.0,0.0,0.0,0.0
google,PERFORMANCE_MAX,Pmax_NTM_Campaign_20,60,0.0,0.0,0.0,0.0,0.0,0.0
google,PERFORMANCE_MAX,Pmax_NTM_Campaign_20,90,0.0,0.0,0.0,0.0,0.0,0.0
google,PERFORMANCE_MAX,Pmax_NTM_Campaign_21,30,0.0,0.0,0.0,0.0,0.0,0.0
google,PERFORMANCE_MAX,Pmax_NTM_Campaign_21,60,0.0,0.0,0.0,0.0,0.0,0.0
google,PERFORMANCE_MAX,Pmax_NTM_Campaign_21,90,0.0,0.0,0.0,0.0,0.0,0.0
google,PERFORMANCE_MAX,Pmax_NTM_Campaign_22,30,0.0,0.0,0.0,0.0,0.0,0.0
google,PERFORMANCE_MAX,Pmax_NTM_Campaign_22,60,0.0,0.0,0.0,0.0,0.0,0.0
google,PERFORMANCE_MAX,Pmax_NTM_Campaign_22,90,0.0,0.0,0.0,0.0,0.0,0.0
google,PERFORMANCE_MAX,Pmax_NTM_Campaign_23,30,0.0,0.0,0.0,0.0,0.0,0.0
google,PERFORMANCE_MAX,Pmax_NTM_Campaign_23,60,0.0,0.0,0.0,0.0,0.0,0.0
google,PERFORMANCE_MAX,Pmax_NTM_Campaign_23,90,0.0,0.0,0.0,0.0,0.0,0.0
google,PERFORMANCE_MAX,Pmax_NTM_Campaign_24,30,0.0,0.0,0.0,0.0,0.0,0.0
google,PERFORMANCE_MAX,Pmax_NTM_Campaign_24,60,0.0,0.0,0.0,0.0,0.0,0.0
google,PERFORMANCE_MAX,Pmax_NTM_Campaign_24,90,0.0,0.0,0.0,0.0,0.0,0.0
google,PERFORMANCE_MAX,Pmax_NTM_Campaign_25,30,0.0,0.0,0.0,0.0,0.0,0.0
google,PERFORMANCE_MAX,Pmax_NTM_Campaign_25,60,0.0,0.0,0.0,0.0,0.0,0.0
google,PERFORMANCE_MAX,Pmax_NTM_Campaign_25,90,0.0,0.0,0.0,0.0,0.0,0.0
google,PERFORMANCE_MAX,Pmax_NTM_Campaign_26,30,0.0,0.0,0.0,0.0,0.0,0.0
google,PERFORMANCE_MAX,Pmax_NTM_Campaign_26,60,0.0,0.0,0.0,0.0,0.0,0.0
google,PERFORMANCE_MAX,Pmax_NTM_Campaign_26,90,0.0,0.0,0.0,0.0,0.0,0.0
google,PERFORMANCE_MAX,Pmax_NTM_Campaign_27,30,385.08,4322.34,9496.42,1.8855,4.0925,7.7247
google,PERFORMANCE_MAX,Pmax_NTM_Campaign_27,60,721.7,9343.42,22360.75,2.2521,4.3647,8.0489
google,PERFORMANCE_MAX,Pmax_NTM_Campaign_27,90,930.21,13840.44,41144.52,2.2946,4.4895,8.6203
google,PERFORMANCE_MAX,Pmax_NTM_Campaign_28,30,0.0,0.0,0.0,0.0,0.0,0.0
google,PERFORMANCE_MAX,Pmax_NTM_Campaign_28,60,0.0,0.0,0.0,0.0,0.0,0.0
google,PERFORMANCE_MAX,Pmax_NTM_Campaign_28,90,0.0,0.0,0.0,0.0,0.0,0.0
google,PERFORMANCE_MAX,Pmax_NTM_Campaign_29,30,0.0,0.0,0.0,0.0,0.0,0.0
google,PERFORMANCE_MAX,Pmax_NTM_Campaign_29,60,0.0,0.0,0.0,0.0,0.0,0.0
google,PERFORMANCE_MAX,Pmax_NTM_Campaign_29,90,0.0,0.0,0.0,0.0,0.0,0.0
google,PERFORMANCE_MAX,Pmax_NTM_Campaign_30,30,0.0,0.0,0.0,0.0,0.0,0.0
google,PERFORMANCE_MAX,Pmax_NTM_Campaign_30,60,0.0,0.0,0.0,0.0,0.0,0.0
google,PERFORMANCE_MAX,Pmax_NTM_Campaign_30,90,0.0,0.0,0.0,0.0,0.0,0.0
google,PERFORMANCE_MAX,Pmax_NTM_Campaign_31,30,613.02,5164.81,9630.48,2.1539,5.3307,7.2056
google,PERFORMANCE_MAX,Pmax_NTM_Campaign_31,60,1405.39,12223.14,24268.11,2.6525,5.5666,7.2536
google,PERFORMANCE_MAX,Pmax_NTM_Campaign_31,90,1998.85,19696.44,49444.19,2.8428,5.9373,8.0499
google,PERFORMANCE_MAX,Pmax_NTM_Campaign_32,30,0.0,0.0,0.0,0.0,0.0,0.0
google,PERFORMANCE_MAX,Pmax_NTM_Campaign_32,60,0.0,0.0,0.0,0.0,0.0,0.0
google,PERFORMANCE_MAX,Pmax_NTM_Campaign_32,90,0.0,0.0,0.0,0.0,0.0,0.0
google,PERFORMANCE_MAX,Pmax_NTM_Campaign_33,30,0.0,1230.8,4327.08,0.8293,2.3199,5.3719
google,PERFORMANCE_MAX,Pmax_NTM_Campaign_33,60,0.0,2702.7,10262.8,1.0089,2.3746,5.3055
google,PERFORMANCE_MAX,Pmax_NTM_Campaign_33,90,0.0,4284.59,20270.21,1.0387,2.4306,5.6218
google,PERFORMANCE_MAX,Pmax_NTM_Campaign_34,30,1582.66,8767.08,14995.37,2.6194,6.0217,7.7772
google,PERFORMANCE_MAX,Pmax_NTM_Campaign_34,60,3002.76,18617.78,34029.43,2.9641,6.1757,7.7666
google,PERFORMANCE_MAX,Pmax_NTM_Campaign_34,90,4006.56,27314.57,61528.56,3.1161,6.5518,8.5718
google,PERFORMANCE_MAX,Pmax_NTM_Campaign_35,30,0.0,0.0,0.0,0.0,0.0,0.0
google,PERFORMANCE_MAX,Pmax_NTM_Campaign_35,60,0.0,0.0,0.0,0.0,0.0,0.0
google,PERFORMANCE_MAX,Pmax_NTM_Campaign_35,90,0.0,0.0,0.0,0.0,0.0,0.0
google,PERFORMANCE_MAX,Pmax_NTM_Campaign_36,30,0.0,0.0,0.0,0.0,0.0,0.0
google,PERFORMANCE_MAX,Pmax_NTM_Campaign_36,60,0.0,0.0,0.0,0.0,0.0,0.0
google,PERFORMANCE_MAX,Pmax_NTM_Campaign_36,90,0.0,0.0,0.0,0.0,0.0,0.0
google,PERFORMANCE_MAX,Pmax_NTM_Campaign_37,30,0.0,788.66,2213.65,0.0,11.6859,18.4476
google,PERFORMANCE_MAX,Pmax_NTM_Campaign_37,60,0.0,2568.77,6672.5,1.6218,11.8835,16.5353
google,PERFORMANCE_MAX,Pmax_NTM_Campaign_37,90,0.0,4511.25,14794.96,2.8925,15.1152,21.844
google,PERFORMANCE_MAX,Pmax_NTM_Campaign_38,30,0.0,0.0,0.0,0.0,0.0,0.0
google,PERFORMANCE_MAX,Pmax_NTM_Campaign_38,60,0.0,0.0,0.0,0.0,0.0,0.0
google,PERFORMANCE_MAX,Pmax_NTM_Campaign_38,90,0.0,0.0,0.0,0.0,0.0,0.0
google,PERFORMANCE_MAX,Pmax_NTM_Campaign_39,30,0.0,0.0,0.0,0.0,0.0,0.0
google,PERFORMANCE_MAX,Pmax_NTM_Campaign_39,60,0.0,0.0,0.0,0.0,0.0,0.0
google,PERFORMANCE_MAX,Pmax_NTM_Campaign_39,90,0.0,0.0,0.0,0.0,0.0,0.0
google,PERFORMANCE_MAX,Pmax_NTM_Campaign_40,30,0.0,0.0,0.0,0.0,0.0,0.0
google,PERFORMANCE_MAX,Pmax_NTM_Campaign_40,60,0.0,0.0,0.0,0.0,0.0,0.0
google,PERFORMANCE_MAX,Pmax_NTM_Campaign_40,90,0.0,0.0,0.0,0.0,0.0,0.0
google,PERFORMANCE_MAX,Pmax_NTM_Campaign_41,30,385.6,3126.52,9514.76,3.3491,9.4291,12.7224
google,PERFORMANCE_MAX,Pmax_NTM_Campaign_41,60,674.5,6136.71,19974.0,4.0621,10.3867,13.78
google,PERFORMANCE_MAX,Pmax_NTM_Campaign_41,90,843.73,8191.97,32493.44,4.2152,10.9182,15.0582
google,PERFORMANCE_MAX,Pmax_NTM_Campaign_42,30,447.64,2884.5,10748.23,1.4961,2.9957,5.2775
google,PERFORMANCE_MAX,Pmax_NTM_Campaign_42,60,760.39,5459.9,21725.53,1.7711,3.2705,5.6412
google,PERFORMANCE_MAX,Pmax_NTM_Campaign_42,90,856.59,6751.3,34404.85,1.964,3.6643,6.5736
google,PERFORMANCE_MAX,Pmax_NTM_Campaign_43,30,0.0,0.0,0.0,0.0,0.0,0.0
google,PERFORMANCE_MAX,Pmax_NTM_Campaign_43,60,0.0,0.0,0.0,0.0,0.0,0.0
google,PERFORMANCE_MAX,Pmax_NTM_Campaign_43,90,0.0,0.0,0.0,0.0,0.0,0.0
google,PERFORMANCE_MAX,Pmax_NTM_Campaign_44,30,0.0,0.0,0.0,0.0,0.0,0.0
google,PERFORMANCE_MAX,Pmax_NTM_Campaign_44,60,0.0,0.0,0.0,0.0,0.0,0.0
google,PERFORMANCE_MAX,Pmax_NTM_Campaign_44,90,0.0,0.0,0.0,0.0,0.0,0.0
google,PERFORMANCE_MAX,Pmax_NTM_Campaign_45,30,0.0,0.0,0.0,0.0,0.0,0.0
google,PERFORMANCE_MAX,Pmax_NTM_Campaign_45,60,0.0,0.0,0.0,0.0,0.0,0.0
google,PERFORMANCE_MAX,Pmax_NTM_Campaign_45,90,0.0,0.0,0.0,0.0,0.0,0.0
google,PERFORMANCE_MAX,Pmax_NTM_Campaign_46,30,0.0,0.0,0.0,0.0,0.0,0.0
google,PERFORMANCE_MAX,Pmax_NTM_Campaign_46,60,0.0,0.0,0.0,0.0,0.0,0.0
google,PERFORMANCE_MAX,Pmax_NTM_Campaign_46,90,0.0,0.0,0.0,0.0,0.0,0.0
google,PERFORMANCE_MAX,Pmax_NTM_Campaign_47,30,0.0,0.0,0.0,0.0,0.0,0.0
google,PERFORMANCE_MAX,Pmax_NTM_Campaign_47,60,0.0,0.0,0.0,0.0,0.0,0.0
google,PERFORMANCE_MAX,Pmax_NTM_Campaign_47,90,0.0,0.0,0.0,0.0,0.0,0.0
google,PERFORMANCE_MAX,Pmax_NTM_Campaign_48,30,0.0,0.0,0.0,0.0,0.0,0.0
google,PERFORMANCE_MAX,Pmax_NTM_Campaign_48,60,0.0,0.0,0.0,0.0,0.0,0.0
google,PERFORMANCE_MAX,Pmax_NTM_Campaign_48,90,0.0,0.0,0.0,0.0,0.0,0.0
google,PERFORMANCE_MAX,Pmax_NTM_Campaign_49,30,0.0,0.0,0.0,0.0,0.0,0.0
google,PERFORMANCE_MAX,Pmax_NTM_Campaign_49,60,0.0,0.0,0.0,0.0,0.0,0.0
google,PERFORMANCE_MAX,Pmax_NTM_Campaign_49,90,0.0,0.0,0.0,0.0,0.0,0.0
google,SEARCH,Search_Campaign_01,30,0.0,0.0,0.0,0.0,0.0,0.0
google,SEARCH,Search_Campaign_01,60,0.0,0.0,0.0,0.0,0.0,0.0
google,SEARCH,Search_Campaign_01,90,0.0,0.0,0.0,0.0,0.0,0.0
google,SEARCH,Search_NTM_Campaign_01,30,0.0,0.0,0.0,0.0,0.0,0.0
google,SEARCH,Search_NTM_Campaign_01,60,0.0,0.0,0.0,0.0,0.0,0.0
google,SEARCH,Search_NTM_Campaign_01,90,0.0,0.0,0.0,0.0,0.0,0.0
google,SEARCH,Search_NTM_Campaign_02,30,0.0,0.0,0.0,0.0,0.0,0.0
google,SEARCH,Search_NTM_Campaign_02,60,0.0,0.0,0.0,0.0,0.0,0.0
google,SEARCH,Search_NTM_Campaign_02,90,0.0,0.0,0.0,0.0,0.0,0.0
google,SEARCH,Search_NTM_Campaign_03,30,1057.69,5204.11,9427.02,2.7023,7.2929,9.8229
google,SEARCH,Search_NTM_Campaign_03,60,2404.92,12165.62,23345.69,3.2042,7.3155,9.5459
google,SEARCH,Search_NTM_Campaign_03,90,3341.77,19105.92,44197.02,3.4337,7.8399,10.6473
google,SEARCH,Search_NTM_Campaign_04,30,0.0,0.0,0.0,0.0,0.0,0.0
google,SEARCH,Search_NTM_Campaign_04,60,0.0,0.0,0.0,0.0,0.0,0.0
google,SEARCH,Search_NTM_Campaign_04,90,0.0,0.0,0.0,0.0,0.0,0.0
google,SEARCH,Search_NTM_Campaign_05,30,0.0,0.0,0.0,0.0,0.0,0.0
google,SEARCH,Search_NTM_Campaign_05,60,0.0,0.0,0.0,0.0,0.0,0.0
google,SEARCH,Search_NTM_Campaign_05,90,0.0,0.0,0.0,0.0,0.0,0.0
google,SEARCH,Search_NTM_Campaign_06,30,0.0,0.0,0.0,0.0,0.0,0.0
google,SEARCH,Search_NTM_Campaign_06,60,0.0,0.0,0.0,0.0,0.0,0.0
google,SEARCH,Search_NTM_Campaign_06,90,0.0,0.0,0.0,0.0,0.0,0.0
google,SEARCH,Search_NTM_Campaign_07,30,0.0,0.0,50.56,0.0,0.0,6.3818
google,SEARCH,Search_NTM_Campaign_07,60,0.0,0.0,111.86,0.0,0.0,6.8636
google,SEARCH,Search_NTM_Campaign_07,90,0.0,0.0,225.86,0.0,0.0,10.7237
google,SEARCH,Search_NTM_Campaign_08,30,0.0,0.0,55.64,0.0,0.0,8.7919
google,SEARCH,Search_NTM_Campaign_08,60,0.0,3.13,132.07,0.0,0.1623,8.6764
google,SEARCH,Search_NTM_Campaign_08,90,0.0,3.13,259.25,0.0,0.1503,12.4126
google,SEARCH,Search_NTM_Campaign_09,30,39.46,906.08,2932.37,1.4693,3.5279,8.0705
google,SEARCH,Search_NTM_Campaign_09,60,69.87,1947.3,6757.27,1.6331,3.4564,7.6809
google,SEARCH,Search_NTM_Campaign_09,90,73.86,2952.69,12724.3,1.6124,3.4358,7.9377
google,SEARCH,Search_NTM_Campaign_10,30,0.0,52.68,280.82,0.0325,0.1805,1.3086
google,SEARCH,Search_NTM_Campaign_10,60,0.0,105.02,602.28,0.0445,0.1803,1.2821
google,SEARCH,Search_NTM_Campaign_10,90,0.0,135.94,1033.41,0.0324,0.167,1.3035
google,SEARCH,Search_NTM_Campaign_11,30,66.24,528.74,2510.4,1.3478,2.8203,6.4996
google,SEARCH,Search_NTM_Campaign_11,60,115.6,1055.87,5352.8,1.5876,3.0347,6.8863
google,SEARCH,Search_NTM_Campaign_11,90,115.6,1318.87,8553.16,1.6573,3.2323,7.6801
google,SEARCH,Search_NTM_Campaign_12,30,0.0,0.0,0.0,0.0,0.0,0.0
google,SEARCH,Search_NTM_Campaign_12,60,0.0,0.0,0.0,0.0,0.0,0.0
google,SEARCH,Search_NTM_Campaign_12,90,0.0,0.0,0.0,0.0,0.0,0.0
google,SEARCH,Search_NTM_Campaign_13,30,0.0,15.9,165.45,0.0,0.0997,0.7026
google,SEARCH,Search_NTM_Campaign_13,60,0.0,37.44,382.57,0.0,0.1188,0.753
google,SEARCH,Search_NTM_Campaign_13,90,0.0,44.09,672.28,0.0,0.1148,0.8712
google,SEARCH,Search_NTM_Campaign_14,30,0.0,16.72,178.0,0.0,0.0336,0.4037
google,SEARCH,Search_NTM_Campaign_14,60,0.0,39.13,410.7,0.0,0.0395,0.4266
google,SEARCH,Search_NTM_Campaign_14,90,0.0,46.56,721.51,0.0,0.0378,0.4872
google,SEARCH,Search_NTM_Campaign_15,30,0.0,16.9,178.8,0.0,0.0193,0.23
google,SEARCH,Search_NTM_Campaign_15,60,0.0,39.5,412.45,0.0,0.0226,0.2431
google,SEARCH,Search_NTM_Campaign_15,90,0.0,47.1,724.7,0.0,0.0217,0.2774
google,SEARCH,Search_NTM_Campaign_16,30,0.0,13.7,156.09,0.0,0.2615,1.6444
google,SEARCH,Search_NTM_Campaign_16,60,0.0,32.92,362.07,0.0,0.3129,1.7417
google,SEARCH,Search_NTM_Campaign_16,90,0.0,37.61,635.39,0.0,0.2932,2.0028
google,SEARCH,Search_NTM_Campaign_17,30,0.0,16.84,178.49,0.0,0.0248,0.2965
google,SEARCH,Search_NTM_Campaign_17,60,0.0,39.36,411.78,0.0,0.0291,0.3133
google,SEARCH,Search_NTM_Campaign_17,90,0.0,46.89,723.47,0.0,0.0279,0.3577
google,SEARCH,Search_TM_Campaign_01,30,11284.19,34948.51,50891.62,3.2501,6.9441,8.5198
google,SEARCH,Search_TM_Campaign_01,60,22632.02,76360.84,118903.02,3.6445,7.0502,8.4646
google,SEARCH,Search_TM_Campaign_01,90,31292.64,115307.95,223073.35,3.9424,7.6124,9.4712
google,SEARCH,Search_TM_Campaign_02,30,4532.6,18582.59,29038.15,2.9281,6.9296,8.9548
google,SEARCH,Search_TM_Campaign_02,60,9302.99,40956.74,68368.69,3.3948,7.2457,9.1383
google,SEARCH,Search_TM_Campaign_02,90,12886.89,63020.47,130074.08,3.596,7.7138,10.1164
google,SEARCH,Search_TM_Campaign_03,30,2100.55,11272.06,18518.86,2.3926,5.9623,7.7953
google,SEARCH,Search_TM_Campaign_03,60,4339.89,25322.26,44270.81,2.7863,6.1756,7.8671
google,SEARCH,Search_TM_Campaign_03,90,6246.1,38698.31,83874.72,2.9146,6.4956,8.6116
google,SEARCH,Search_TM_Campaign_04,30,0.0,1943.64,6254.0,0.0,8.2853,15.2081
google,SEARCH,Search_TM_Campaign_04,60,0.0,6566.05,18715.46,0.0916,9.6027,14.8076
google,SEARCH,Search_TM_Campaign_04,90,0.0,10021.75,37775.46,0.2132,12.3817,20.3147
google,SEARCH,Search_TM_Campaign_05,30,0.0,0.0,0.0,0.0,0.0,0.0
google,SEARCH,Search_TM_Campaign_05,60,0.0,0.0,0.0,0.0,0.0,0.0
google,SEARCH,Search_TM_Campaign_05,90,0.0,0.0,0.0,0.0,0.0,0.0
google,SHOPPING,Shopping_NTM_Campaign_01,30,19842.77,78123.44,114004.19,2.8996,8.1018,9.704
google,SHOPPING,Shopping_NTM_Campaign_01,60,39303.33,170036.67,267592.13,3.2978,8.0607,9.3656
google,SHOPPING,Shopping_NTM_Campaign_01,90,61493.33,260543.2,523060.08,3.7044,8.8441,10.6969
google,SHOPPING,Shopping_NTM_Campaign_02,30,0.0,14.67,160.49,0.0,0.1244,0.8211
google,SHOPPING,Shopping_NTM_Campaign_02,60,0.0,33.22,364.03,0.0,0.144,0.87
google,SHOPPING,Shopping_NTM_Campaign_02,90,0.0,39.22,630.2,0.0,0.1412,1.0258
google,SHOPPING,Shopping_NTM_Campaign_03,30,0.0,14.76,160.9,0.0,0.1171,0.8306
google,SHOPPING,Shopping_NTM_Campaign_03,60,0.0,33.41,364.9,0.0,0.1355,0.8795
google,SHOPPING,Shopping_NTM_Campaign_03,90,0.0,39.5,631.77,0.0,0.1329,1.0372
google,VIDEO,Video_Campaign_01,30,0.0,0.0,0.0,0.0,0.0,0.0
google,VIDEO,Video_Campaign_01,60,0.0,0.0,0.0,0.0,0.0,0.0
google,VIDEO,Video_Campaign_01,90,0.0,0.0,0.0,0.0,0.0,0.0
google,VIDEO,Video_Campaign_02,30,0.0,0.0,0.0,0.0,0.0,0.0
google,VIDEO,Video_Campaign_02,60,0.0,0.0,0.0,0.0,0.0,0.0
google,VIDEO,Video_Campaign_02,90,0.0,0.0,0.0,0.0,0.0,0.0
google,VIDEO,Video_Campaign_03,30,0.0,0.0,0.0,0.0,0.0,0.0
google,VIDEO,Video_Campaign_03,60,0.0,0.0,0.0,0.0,0.0,0.0
google,VIDEO,Video_Campaign_03,90,0.0,0.0,0.0,0.0,0.0,0.0
google,VIDEO,Video_NTM_Campaign_01,30,0.0,0.0,0.0,0.0,0.0,0.0
google,VIDEO,Video_NTM_Campaign_01,60,0.0,0.0,0.0,0.0,0.0,0.0
google,VIDEO,Video_NTM_Campaign_01,90,0.0,0.0,0.0,0.0,0.0,0.0
meta,BRAND,Generic_Brand_Campaign_01,30,0.0,14.44,140.7,0.0,0.9993,12.5207
meta,BRAND,Generic_Brand_Campaign_01,60,0.0,39.73,335.46,0.0,1.105,10.797
meta,BRAND,Generic_Brand_Campaign_01,90,0.0,39.99,617.6,0.0,1.1123,16.076
meta,BRAND,Prospecting_Brand_Campaign_01,30,1802.92,9813.42,19269.7,2.4849,5.9945,9.1465
meta,BRAND,Prospecting_Brand_Campaign_01,60,3630.33,21657.96,46150.62,2.9712,6.2405,9.2488
meta,BRAND,Prospecting_Brand_Campaign_01,90,4893.77,34251.39,89289.87,3.1419,6.5941,10.1589
meta,BRAND,Prospecting_Brand_Campaign_02,30,2374.23,12641.82,25283.91,2.9486,8.1161,10.9592
meta,BRAND,Prospecting_Brand_Campaign_02,60,4772.0,28114.82,59903.54,3.5593,8.3756,10.9676
meta,BRAND,Prospecting_Brand_Campaign_02,90,6628.47,44793.94,117018.81,3.881,8.9892,12.2525
meta,BRAND,Remarketing_Brand_Campaign_01,30,129.32,883.54,3460.93,1.6093,3.3556,6.6315
meta,BRAND,Remarketing_Brand_Campaign_01,60,218.21,1691.02,7082.41,1.8712,3.5845,7.0029
meta,BRAND,Remarketing_Brand_Campaign_01,90,243.37,2194.56,11652.75,1.9906,3.8675,7.8779
meta,BRAND,Remarketing_Brand_Campaign_02,30,119.27,777.31,3019.83,1.6382,3.4392,7.0663
meta,BRAND,Remarketing_Brand_Campaign_02,60,198.3,1469.29,6106.28,1.9222,3.7092,7.5441
meta,BRAND,Remarketing_Brand_Campaign_02,90,220.62,1882.2,9925.16,2.0297,3.9765,8.4377
meta,BRAND,Remarketing_Brand_Campaign_03,30,0.0,0.0,0.0,0.0,0.0,0.0
meta,BRAND,Remarketing_Brand_Campaign_03,60,0.0,0.0,0.0,0.0,0.0,0.0
meta,BRAND,Remarketing_Brand_Campaign_03,90,0.0,0.0,0.0,0.0,0.0,0.0
meta,DISPLAY,Generic_Campaign_01,30,0.0,0.0,0.0,0.0,0.0,0.0
meta,DISPLAY,Generic_Campaign_01,60,0.0,0.0,0.0,0.0,0.0,0.0
meta,DISPLAY,Generic_Campaign_01,90,0.0,0.0,0.0,0.0,0.0,0.0
meta,DISPLAY,Generic_Campaign_02,30,0.0,0.0,0.0,0.0,0.0,0.0
meta,DISPLAY,Generic_Campaign_02,60,0.0,0.0,0.0,0.0,0.0,0.0
meta,DISPLAY,Generic_Campaign_02,90,0.0,0.0,0.0,0.0,0.0,0.0
meta,PROSPECTING,Prospecting_Adv_Plus_Campaign_01,30,0.0,0.0,0.0,0.0,0.0,0.0
meta,PROSPECTING,Prospecting_Adv_Plus_Campaign_01,60,0.0,0.0,0.0,0.0,0.0,0.0
meta,PROSPECTING,Prospecting_Adv_Plus_Campaign_01,90,0.0,0.0,0.0,0.0,0.0,0.0
meta,PROSPECTING,Prospecting_Adv_Plus_Campaign_02,30,0.0,0.0,0.0,0.0,0.0,0.0
meta,PROSPECTING,Prospecting_Adv_Plus_Campaign_02,60,0.0,0.0,0.0,0.0,0.0,0.0
meta,PROSPECTING,Prospecting_Adv_Plus_Campaign_02,90,0.0,0.0,0.0,0.0,0.0,0.0
meta,REMARKETING,Prospecting_DPA_Campaign_01,30,0.0,0.0,0.0,0.0,0.0,0.0
meta,REMARKETING,Prospecting_DPA_Campaign_01,60,0.0,0.0,0.0,0.0,0.0,0.0
meta,REMARKETING,Prospecting_DPA_Campaign_01,90,0.0,0.0,0.0,0.0,0.0,0.0
meta,REMARKETING,Prospecting_DPA_Campaign_02,30,0.0,0.0,0.0,0.0,0.0,0.0
meta,REMARKETING,Prospecting_DPA_Campaign_02,60,0.0,0.0,0.0,0.0,0.0,0.0
meta,REMARKETING,Prospecting_DPA_Campaign_02,90,0.0,0.0,0.0,0.0,0.0,0.0
meta,REMARKETING,Prospecting_DPA_Campaign_04,30,0.0,0.0,0.0,0.0,0.0,0.0
meta,REMARKETING,Prospecting_DPA_Campaign_04,60,0.0,0.0,0.0,0.0,0.0,0.0
meta,REMARKETING,Prospecting_DPA_Campaign_04,90,0.0,0.0,0.0,0.0,0.0,0.0
meta,REMARKETING,Remarketing_DPA_Campaign_01,30,1464.75,9977.61,17056.56,2.8368,7.2478,9.5487
meta,REMARKETING,Remarketing_DPA_Campaign_01,60,2469.77,19608.03,35941.14,2.9989,6.9609,9.0123
meta,REMARKETING,Remarketing_DPA_Campaign_01,90,4252.53,29583.16,69551.18,3.2825,7.5338,10.1477
meta,REMARKETING,Remarketing_DPA_Campaign_02,30,0.0,0.0,0.0,0.0,0.0,0.0
meta,REMARKETING,Remarketing_DPA_Campaign_02,60,0.0,0.0,0.0,0.0,0.0,0.0
meta,REMARKETING,Remarketing_DPA_Campaign_02,90,0.0,0.0,0.0,0.0,0.0,0.0
meta,REMARKETING,Remarketing_DPA_Campaign_03,30,0.0,0.0,0.0,0.0,0.0,0.0
meta,REMARKETING,Remarketing_DPA_Campaign_03,60,0.0,0.0,0.0,0.0,0.0,0.0
meta,REMARKETING,Remarketing_DPA_Campaign_03,90,0.0,0.0,0.0,0.0,0.0,0.0
