peak,level,horizon_days,n,wape,wape_budget_known,wape_run_rate,wape_seasonal_naive,bias_pct,coverage,coverage_budget_known,n_coverage,interval_width_pct,pinball_pct,spend_wape,roas_wape,roas_coverage
False,blended,30,37,27.6154,30.3811,28.9973,33.0132,12.3405,92.0,84.0,25,139.0997,11.6188,24.3037,29.5895,92.0
False,blended,60,28,32.5564,32.4371,36.048,34.2536,14.5732,83.3333,91.6667,12,156.462,13.7114,22.3741,29.2491,83.3333
False,blended,90,20,41.2548,44.1241,47.2832,52.8442,27.6664,100.0,100.0,6,164.8717,16.1302,27.344,46.0515,100.0
False,channel,30,111,32.9076,33.2495,33.8919,36.9038,12.3405,88.0,86.6667,75,154.1686,12.715,27.5967,32.9535,89.3333
False,channel,60,84,38.3734,35.8372,41.2317,39.0805,14.5732,77.7778,80.5556,36,171.8455,14.8619,26.1623,34.3856,72.2222
False,channel,90,60,45.5249,46.1296,51.8151,57.5525,27.6664,88.8889,100.0,18,181.7743,16.9067,32.1274,48.6052,94.4444
False,campaign_type,30,518,46.7311,37.4576,45.2975,51.3871,12.3405,89.4286,91.1429,350,170.8005,16.5333,36.8165,43.5983,82.6316
False,campaign_type,60,392,54.613,39.2982,57.9762,67.4351,14.5732,86.9048,93.4524,168,184.3835,20.1568,42.7843,44.6426,86.9565
False,campaign_type,90,280,61.7803,55.3343,65.9471,81.6922,27.6664,90.4762,94.0476,84,194.165,22.585,39.9468,60.3091,91.6667
False,campaign,30,5032,67.7689,58.6979,72.7486,77.8119,-1.1667,91.8235,87.5,3400,190.9514,23.1609,62.2923,52.0642,74.3322
False,campaign,60,3808,78.2516,66.0528,89.5251,97.9331,-2.7184,88.4191,80.1471,1632,215.7262,27.2399,72.3202,52.1892,77.4468
False,campaign,90,2720,87.8877,78.2446,99.977,115.5238,3.2035,84.1912,76.5931,816,244.153,31.2862,73.9609,58.1559,83.6299
True,blended,30,14,50.7469,22.4234,108.3602,58.0573,-26.4785,78.5714,78.5714,14,116.7726,18.8351,41.5896,26.8315,78.5714
True,blended,60,18,41.0059,21.2682,109.7534,44.5458,-13.2362,77.7778,100.0,18,108.2147,14.5248,29.2468,23.6503,100.0
True,blended,90,22,32.0969,19.539,108.5064,32.9218,-12.3383,75.0,87.5,16,104.6862,11.5273,24.5787,22.0993,93.75
True,channel,30,42,53.8694,24.0391,111.9795,61.5464,-26.4785,76.1905,92.8571,42,130.0837,19.9942,44.0451,32.8428,80.9524
True,channel,60,54,43.198,22.8178,110.5152,47.2841,-13.2362,72.2222,88.8889,54,120.1617,15.4412,30.9238,27.29,98.1481
True,channel,90,66,34.8275,22.0833,108.6751,37.5264,-12.3383,68.75,85.4167,48,111.6423,12.8555,27.468,25.6035,87.5
True,campaign_type,30,196,59.38,42.0502,114.4392,63.9021,-26.4796,83.6735,85.7143,196,126.3869,21.7839,52.7583,47.945,79.3388
True,campaign_type,60,252,50.1479,37.4438,114.7939,54.9548,-13.2367,82.5397,85.7143,252,108.4689,17.8011,38.3676,41.4253,84.0491
True,campaign_type,90,308,48.8995,34.7903,112.0356,50.8516,-12.3386,76.3393,78.125,224,113.133,17.6266,42.0229,38.0589,81.4103
True,campaign,30,1904,69.9874,53.9613,118.5368,71.1275,-35.7889,87.3424,84.4013,1904,103.7622,26.8256,68.6635,52.8346,66.2848
True,campaign,60,2448,64.8265,54.0273,118.8842,68.3266,-22.8685,86.0294,82.3938,2448,103.3787,24.154,57.7106,48.0535,68.2033
True,campaign,90,2992,65.5455,56.4984,116.5245,67.8931,-22.2523,82.2151,81.0202,2176,119.2203,24.7872,61.7683,47.6915,71.5486
