level,horizon_days,n,wape,wape_budget_known,wape_run_rate,wape_seasonal_naive,bias_pct,coverage,coverage_budget_known,n_coverage,interval_width_pct,pinball_pct,spend_wape,roas_wape,roas_coverage
blended,30,51,40.9066,25.8086,74.5986,47.4034,-9.9646,87.1795,82.0513,39,126.2707,15.7653,34.5634,28.0048,87.1795
blended,60,46,38.1924,24.9873,85.2108,41.1187,-3.9761,80.0,96.6667,30,124.2802,14.2539,27.1309,25.5146,93.3333
blended,90,42,34.2909,25.429,93.8388,37.6947,-2.7541,81.8182,90.9091,22,119.1052,12.63,25.197,27.8377,95.4545
channel,30,153,44.9521,27.9573,78.7605,51.0633,-9.9646,83.7607,88.8889,117,140.3296,16.8976,37.3594,32.8899,86.3248
channel,60,138,41.5915,27.1531,87.445,44.5525,-3.9761,74.4444,85.5556,90,137.3715,15.2483,29.4579,29.6527,87.7778
channel,90,126,37.3904,27.8442,95.0528,42.3242,-2.7541,74.2424,89.3939,66,128.4442,13.8261,28.5098,31.1142,89.3939
campaign_type,30,714,53.9991,40.0964,85.0258,58.5781,-9.9653,87.3626,89.1941,546,145.2808,19.5503,46.2785,46.096,81.3505
campaign_type,60,644,51.6347,38.0613,95.8745,59.1105,-3.9765,84.2857,88.8095,420,133.7472,18.5855,39.7273,42.4965,85.098
campaign_type,90,588,51.9855,39.7121,100.9939,58.2403,-2.7544,80.1948,82.4675,308,132.5463,18.8145,41.5587,43.3891,83.8235
campaign,30,6936,69.0436,55.9763,99.0582,73.9711,-21.0604,90.2149,86.3876,5304,140.8531,25.2666,66.0738,52.507,70.9918
campaign,60,6256,69.2969,58.0316,109.1081,78.1851,-16.1588,86.9853,81.4951,4080,140.7885,25.1816,62.2084,49.4302,71.5046
campaign,90,5712,70.8981,61.7083,112.5601,79.3042,-16.1537,82.754,79.8128,2992,149.1511,26.3442,64.4945,50.1977,74.5961
