level,horizon_days,n,origins,wape_v31,wape_v4,coverage_v31,coverage_v4,bias_pct_v31,bias_pct_v4
blended,30,25,25,56.2619,30.4603,52.0,88.0,-44.7911,-8.0414
blended,60,22,22,62.1248,30.4034,36.3636,86.3636,-53.7472,-5.1863
blended,90,20,20,63.2568,29.4077,35.0,85.0,-60.1203,-4.0427
channel,30,75,25,66.6569,35.0092,44.0,84.0,-44.6431,-8.0414
channel,60,66,22,67.1884,34.6729,45.4545,80.303,-53.5817,-5.1863
channel,90,60,20,66.3895,32.7362,48.3333,75.0,-59.9595,-4.0427
campaign_type,30,285,25,77.9789,46.6986,65.9649,87.3684,-44.3892,-7.6197
campaign_type,60,243,22,74.3395,45.489,63.786,85.1852,-52.8598,-3.7119
campaign_type,90,215,20,76.2029,46.1551,61.3953,80.4651,-58.9524,-1.6293
campaign,30,500,25,113.4733,56.8628,86.8,77.6,-57.29,-14.9938
campaign,60,440,22,113.2829,55.8481,82.0455,77.7273,-49.3307,-10.0238
campaign,90,400,20,129.3569,57.5871,79.25,72.75,-5.6806,-7.1646
